ACCOUNT STATEMENT (September 2026),,,,,
INVESTOR ID,,5490,,,
INVESTOR NAME,,Amanahraya Trustees Berhad,,,
ACCOUNT SUMMARY,RM,,ACCOUNT SUMMARY,,RM
Starting Balance,2038351.00,,Service Fee,,14253.45
Ending Balance,664448.11,,SST,,1140.28
Total Investment,2003075.42,,Total Nett Returns Received,,55873.53
Total Principal Received,1226500.00,,,,
Total Gross Returns Received,71267.25,,,,
,,,,,
DETAILED ACCOUNT STATEMENT,,,,,
Transaction Date,Note ID,Transaction Description,Previous Balance (RM),Sum Involved (RM),Current Balance (RM)
04-Sep-2026,2026,Principal Payout,2038351.00,132087.50,2170438.50
04-Sep-2026,2026,Gross Profit,2170438.50,13737.10,
04-Sep-2026,2026,Service Charge,,-2747.42,
04-Sep-2026,2026,SST,,-219.79,
04-Sep-2026,2026,Net Profit,,10769.89,2181208.39
04-Sep-2026,2026,Principal Payout,2181208.39,117912.50,2299120.89
04-Sep-2026,2026,Gross Profit,2299120.89,12262.90,
04-Sep-2026,2026,Service Charge,,-2452.58,
04-Sep-2026,2026,SST,,-196.21,
04-Sep-2026,2026,Net Profit,,9614.11,2308735.00
04-Sep-2026,2082,Gross Profit,2308735.00,1562.50,
04-Sep-2026,2082,Service Charge,,-312.50,
04-Sep-2026,2082,SST,,-25.00,
04-Sep-2026,2082,Net Profit,,1225.00,2309960.00
04-Sep-2026,2083,Gross Profit,2309960.00,1250.00,
04-Sep-2026,2083,Service Charge,,-250.00,
04-Sep-2026,2083,SST,,-20.00,
04-Sep-2026,2083,Net Profit,,980.00,2310940.00
04-Sep-2026,2084,Gross Profit,2310940.00,750.00,
04-Sep-2026,2084,Service Charge,,-150.00,
04-Sep-2026,2084,SST,,-12.00,
04-Sep-2026,2084,Net Profit,,588.00,2311528.00
07-Sep-2026,2085,Gross Profit,2311528.00,1250.00,
07-Sep-2026,2085,Service Charge,,-250.00,
07-Sep-2026,2085,SST,,-20.00,
07-Sep-2026,2085,Net Profit,,980.00,2312508.00
08-Sep-2026,2104,Investment Committed,2312508.00,60375.42,2252132.58
10-Sep-2026,2108,Investment Committed,2252132.58,106500.00,2145632.58
10-Sep-2026,2107,Investment Committed,2145632.58,112200.00,2033432.58
10-Sep-2026,2106,Investment Committed,2033432.58,187000.00,1846432.58
11-Sep-2026,2088,Gross Profit,1846432.58,1156.25,
11-Sep-2026,2088,Service Charge,,-231.25,
11-Sep-2026,2088,SST,,-18.50,
11-Sep-2026,2088,Net Profit,,906.50,1847339.08
11-Sep-2026,2016,Principal Payout,1847339.08,125000.00,1972339.08
11-Sep-2026,2016,Gross Profit,1972339.08,12000.00,
11-Sep-2026,2016,Service Charge,,-2400.00,
11-Sep-2026,2016,SST,,-192.00,
11-Sep-2026,2016,Net Profit,,9408.00,1981747.08
14-Sep-2026,2070,Gross Profit,1981747.08,4500.00,
14-Sep-2026,2070,Service Charge,,-900.00,
14-Sep-2026,2070,SST,,-72.00,
14-Sep-2026,2070,Net Profit,,3528.00,1985275.08
14-Sep-2026,2110,Investment Committed,1985275.08,65000.00,1920275.08
14-Sep-2026,2111,Investment Committed,1920275.08,107000.00,1813275.08
15-Sep-2026,2090,Principal Payout,1813275.08,68000.00,1881275.08
15-Sep-2026,2090,Gross Profit,1881275.08,815.99,
15-Sep-2026,2090,Service Charge,,-163.20,
15-Sep-2026,2090,SST,,-13.06,
15-Sep-2026,2090,Net Profit,,639.74,1881914.82
17-Sep-2026,2113,Investment Committed,1881914.82,193000.00,1688914.82
21-Sep-2026,2092,Gross Profit,1688914.82,585.00,
21-Sep-2026,2092,Service Charge,,-117.00,
21-Sep-2026,2092,SST,,-9.36,
21-Sep-2026,2092,Net Profit,,458.64,1689373.46
22-Sep-2026,2116,Investment Committed,1036172.46,105000.00,931172.46
22-Sep-2026,-,Withdrawal,1584373.46,653200.00,931173.46
22-Sep-2026,-,Withdrawal Fee,931173.46,-1.00,931172.46
23-Sep-2026,2117,Investment Committed,931172.46,167000.00,764172.46
24-Sep-2026,2019,Principal Payout,764172.46,125000.00,889172.46
24-Sep-2026,2019,Gross Profit,889172.46,12000.00,
24-Sep-2026,2019,Service Charge,,-2400.00,
24-Sep-2026,2019,SST,,-192.00,
24-Sep-2026,2019,Net Profit,,9408.00,898580.46
24-Sep-2026,2093,Gross Profit,898580.46,1250.00,
24-Sep-2026,2093,Service Charge,,-250.00,
24-Sep-2026,2093,SST,,-20.00,
24-Sep-2026,2093,Net Profit,,980.00,899560.46
28-Sep-2026,2074,Gross Profit,899560.46,1000.00,
28-Sep-2026,2074,Service Charge,,-200.00,
28-Sep-2026,2074,SST,,-16.00,
28-Sep-2026,2074,Net Profit,,784.00,900344.46
28-Sep-2026,2076,Gross Profit,900344.46,1043.75,
28-Sep-2026,2076,Service Charge,,-208.75,
28-Sep-2026,2076,SST,,-16.70,
28-Sep-2026,2076,Net Profit,,818.30,901162.76
28-Sep-2026,2077,Gross Profit,901162.76,1000.00,
28-Sep-2026,2077,Service Charge,,-200.00,
28-Sep-2026,2077,SST,,-16.00,
28-Sep-2026,2077,Net Profit,,784.00,901946.76
28-Sep-2026,2118,Investment Committed,901946.76,900000.00,1946.76
29-Sep-2026,2079,Gross Profit,1946.76,1000.00,
29-Sep-2026,2079,Service Charge,,-200.00,
29-Sep-2026,2079,SST,,-16.00,
29-Sep-2026,2079,Net Profit,,784.00,2730.76
30-Sep-2026,2065,Principal Payout,2730.76,110000.00,112730.76
30-Sep-2026,2065,Gross Profit,112730.76,1430.00,
30-Sep-2026,2065,Service Charge,,-286.00,
30-Sep-2026,2065,SST,,-22.88,
30-Sep-2026,2065,Net Profit,,1121.12,113851.88
30-Sep-2026,2074,Principal Payout,113851.88,80000.00,193851.88
30-Sep-2026,2074,Gross Profit,193851.88,66.67,
30-Sep-2026,2074,Service Charge,,-13.33,
30-Sep-2026,2074,SST,,-1.07,
30-Sep-2026,2074,Net Profit,,52.27,193904.15
30-Sep-2026,2076,Principal Payout,193904.15,83500.00,277404.15
30-Sep-2026,2076,Gross Profit,277404.15,69.59,
30-Sep-2026,2076,Service Charge,,-13.92,
30-Sep-2026,2076,SST,,-1.11,
30-Sep-2026,2076,Net Profit,,54.56,277458.71
30-Sep-2026,2077,Principal Payout,277458.71,80000.00,357458.71
30-Sep-2026,2077,Gross Profit,357458.71,66.67,
30-Sep-2026,2077,Service Charge,,-13.33,
30-Sep-2026,2077,SST,,-1.07,
30-Sep-2026,2077,Net Profit,,52.27,357510.98
30-Sep-2026,2079,Principal Payout,357510.98,80000.00,437510.98
30-Sep-2026,2079,Gross Profit,437510.98,33.33,
30-Sep-2026,2079,Service Charge,,-6.67,
30-Sep-2026,2079,SST,,-0.53,
30-Sep-2026,2079,Net Profit,,26.13,437537.11
30-Sep-2026,2082,Principal Payout,437537.11,125000.00,562537.11
30-Sep-2026,2082,Gross Profit,562537.11,1354.17,
30-Sep-2026,2082,Service Charge,,-270.83,
30-Sep-2026,2082,SST,,-21.67,
30-Sep-2026,2082,Net Profit,,1061.67,563598.78
30-Sep-2026,2083,Principal Payout,563598.78,100000.00,663598.78
30-Sep-2026,2083,Gross Profit,663598.78,1083.33,
30-Sep-2026,2083,Service Charge,,-216.67,
30-Sep-2026,2083,SST,,-17.33,
30-Sep-2026,2083,Net Profit,,849.33,664448.11
